{"cameraMode":{"drawMode":0,"name":"Shaded","section":"Shading Mode"},"sceneLighting":true,"audioPlay":false,"sceneViewState":{"showFog":true,"showMaterialUpdate":false,"showSkybox":true,"showFlares":true,"showImageEffects":true,"showParticleSystems":true},"in2DMode":false,"pivot":{"x":-5.4933342933654789,"y":1.2163341045379639,"z":-8.904794692993164},"rotation":{"x":0.25775521993637087,"y":0.7070135474205017,"z":-0.31426137685775759,"w":0.5789615511894226},"size":5.909617900848389,"orthographic":false}