{"cameraMode":{"drawMode":0,"name":"Shaded","section":"Shading Mode"},"sceneLighting":true,"audioPlay":false,"sceneViewState":{"showFog":true,"showMaterialUpdate":false,"showSkybox":true,"showFlares":true,"showImageEffects":true,"showParticleSystems":true},"in2DMode":false,"pivot":{"x":3.8083882331848146,"y":-0.8254382610321045,"z":2.634230613708496},"rotation":{"x":0.05206342414021492,"y":0.8968636393547058,"z":-0.10979033261537552,"w":0.42529797554016116},"size":11.725015640258789,"orthographic":false}